English,Literary and Cultural Studies,Rhetoric,Creative Writing,Critical University Studies,Power,Language and the Law,Health,Digital Humanities,Media,Performance Studies,Gender Studies,History,Translation,Poetry,Fiction,Memoir,Drama,Screenwriting,Professional/Workplace Communication,Writing and Statistics,Networks,Race,Film,Propaganda,Print History,Migration,Literary and Cultural History,History of Rhetoric,Large Scale Text Analysis,Globalization,Mobilities,Empire,Data Privacy & Ethics,Virtual Reality,Grammar,Style,Shakespeare,Jane Austen,Ralph Ellison,Essay,International Law & Human Rights,Non-Fiction,George Orwell,Toni Morrison,Novel,Short Stories
Marian Aguiar,Marian Aguiar,John Oddo,Sharon Dilworth,Jeffrey Williams,,Stephanie Larsen,Stephanie Larsen,Christopher Warren,Kathleen Newman,Sede Makonnen,Stephanie Larsen,,Andreea Deciu Ritivoi,Gerald Costanzo,Sharon Dilworth,Jane Bernstein,Sharon Dilworth,Sharon Dilworth,David Brown,David Brown,Christopher Warren,Richard Purcell,Kathleen Newman,Kathleen Newman,Christopher Warren,Marian Aguiar,Marian Aguiar,James Wynn,Christopher Warren,Christopher Warren,Marian Aguiar,Marian Aguiar,Christopher Warren,Stephen Wittek,,John Oddo,Christopher Warren,Mariam Wassif,Richard Purcell,Jason England,Andreea Deciu Ritivoi,Jane Bernstein,Jeffrey Williams,,Sharon Dilworth,Sharon Dilworth
Kathleen Newman,Kathleen Newman,James Wynn,Jane Bernstein,,,Doug Coulson,Marian Aguiar,Sede Makonnen,Richard Purcell,Stephen Wittek,Marian Aguiar,,Mariam Wassif,Lauren Shapiro,Jane McCafferty,Jason England,,,Necia Werner,,Andreea Deciu Ritivoi,Mariam Wassif,Richard Purcell,Richard Purcell,Stephen Wittek,Mariam Wassif,Kathleen Newman,Andreea Deciu Ritivoi,Stephen Wittek,Andreea Deciu Ritivoi,,Christopher Warren,,,,David Brown,Sede Makonnen,Sede Makonnen,,,Marian Aguiar,Jason England,,,Jane Bernstein,Jane Bernstein
Richard Purcell,Richard Purcell,David Brown,Gerald Costanzo,,,Marian Aguiar,Andreea Deciu Ritivoi,Stephen Wittek,Christopher Warren,,,,Lauren Shapiro,Camille Rankine,Kevin Gonzalez,,,,Danielle Wetzel,,,Sede Makonnen,David Shumway,Christopher Warren,,Andreea Deciu Ritivoi,Richard Purcell,Doug Coulson,David Brown,,,Mariam Wassif,,,,Danielle Wetzel,Stephen Wittek,,,,Christopher Warren,Kevin Gonzalez,,,Jane McCafferty,Gerald Costanzo
Christopher Warren,Christopher Warren,Necia Werner,Jane McCafferty,,,Christopher Warren,,David Brown,Stephen Wittek,,,,,,,,,,Joanna Wolfe,,,Jason England,Stephen Wittek,John Oddo,,Doug Coulson,Christopher Warren,Mariam Wassif,,,,Sede Makonnen,,,,,,,,,,,,,Kevin Gonzalez,Jane McCafferty
Mariam Wassif,Mariam Wassif,Linda Flower,Jason England,,,Linda Flower,,Suguru Ishizaki,John Oddo,,,,,,,,,,,,,Camille Rankine,,,,,Mariam Wassif,,,,,,,,,,,,,,,,,,,Jason England
David Shumway,David Shumway,Suguru Ishizaki,Kevin Gonzalez,,,,,Kathleen Newman,Necia Werner,,,,,,,,,,,,,,,,,,David Shumway,,,,,,,,,,,,,,,,,,,Kevin Gonzalez
Jeffrey Williams,Jeffrey Williams,Andreea Deciu Ritivoi,Lauren Shapiro,,,,,,,,,,,,,,,,,,,,,,,,Jeffrey Williams,,,,,,,,,,,,,,,,,,,
Sede Makonnen,Sede Makonnen,Danielle Wetzel,Camille Rankine,,,,,,,,,,,,,,,,,,,,,,,,Sede Makonnen,,,,,,,,,,,,,,,,,,,
Stephen Wittek,Stephen Wittek,Joanna Wolfe,,,,,,,,,,,,,,,,,,,,,,,,,Stephen Wittek,,,,,,,,,,,,,,,,,,,
John Oddo,,Stephanie Larsen,,,,,,,,,,,,,,,,,,,,,,,,,David Brown,,,,,,,,,,,,,,,,,,,
James Wynn,,Doug Coulson,,,,,,,,,,,,,,,,,,,,,,,,,,,,,,,,,,,,,,,,,,,,
David Brown,,,,,,,,,,,,,,,,,,,,,,,,,,,,,,,,,,,,,,,,,,,,,,
Necia Werner,,,,,,,,,,,,,,,,,,,,,,,,,,,,,,,,,,,,,,,,,,,,,,
Linda Flower,,,,,,,,,,,,,,,,,,,,,,,,,,,,,,,,,,,,,,,,,,,,,,
Suguru Ishizaki,,,,,,,,,,,,,,,,,,,,,,,,,,,,,,,,,,,,,,,,,,,,,,
Andreea Deciu Ritivoi,,,,,,,,,,,,,,,,,,,,,,,,,,,,,,,,,,,,,,,,,,,,,,
Danielle Wetzel,,,,,,,,,,,,,,,,,,,,,,,,,,,,,,,,,,,,,,,,,,,,,,
Joanna Wolfe,,,,,,,,,,,,,,,,,,,,,,,,,,,,,,,,,,,,,,,,,,,,,,
Stephanie Larsen,,,,,,,,,,,,,,,,,,,,,,,,,,,,,,,,,,,,,,,,,,,,,,
Doug Coulson,,,,,,,,,,,,,,,,,,,,,,,,,,,,,,,,,,,,,,,,,,,,,,
Sharon Dilworth,,,,,,,,,,,,,,,,,,,,,,,,,,,,,,,,,,,,,,,,,,,,,,
Jane Bernstein,,,,,,,,,,,,,,,,,,,,,,,,,,,,,,,,,,,,,,,,,,,,,,
Gerald Costanzo,,,,,,,,,,,,,,,,,,,,,,,,,,,,,,,,,,,,,,,,,,,,,,
Jane McCafferty,,,,,,,,,,,,,,,,,,,,,,,,,,,,,,,,,,,,,,,,,,,,,,
Jason England,,,,,,,,,,,,,,,,,,,,,,,,,,,,,,,,,,,,,,,,,,,,,,
Kevin Gonzalez,,,,,,,,,,,,,,,,,,,,,,,,,,,,,,,,,,,,,,,,,,,,,,
Lauren Shapiro,,,,,,,,,,,,,,,,,,,,,,,,,,,,,,,,,,,,,,,,,,,,,,
Camille Rankine,,,,,,,,,,,,,,,,,,,,,,,,,,,,,,,,,,,,,,,,,,,,,,