Censorship,Creative Writing,Critical University Studies,Discourse Communities,Drama,Empire,English,Essay,Ethics of Data Collection,Fiction,Film and Visual Media,Film Studies,First-Year Writing,Gender Studies,Global Communication and Applied Translation,Globalization,Grammar,Health,History of Rhetoric,Human Rights,Humanities Analytics,International Law,Jane Austen,Large Scale Text Analysis,Legal Rhetoric,Literary and Cultural History,Literature and Culture,Major Authors,Material Cultures,Media Studies,Memoir,Migration,Mobilities,Non-Fiction,Novel,Performance Studies,Poetry,Power,Print History,Professional Writing,Propaganda,Race,Ralph Ellison,Rhetoric,Screenwriting,Shakespeare,Short Stories,Soclal Networks,Style,Technical Writing and Communication,Television Studies,Toni Morrison,Translation,Virtual Reality,Writing and Statistics,Popular Culture
Kathleen Newman,Sharon Dilworth,Jeffrey Williams,Linda Flower,Sharon Dilworth,Marian Aguiar,Marian Aguiar,Jason England,Christopher Warren,Sharon Dilworth,Kathleen Newman,Sharon Dilworth,David Brown,Stephanie Larsen,Mariam Wassif,Christopher Warren,David Brown,Stephanie Larsen,James Wynn,Andreea Deciu Ritivoi,Christopher Warren,Andreea Deciu Ritivoi,Mariam Wassif,Christopher Warren,Stephanie Larsen,Marian Aguiar,Marian Aguiar,Marian Aguiar,Marian Aguiar,Kathleen Newman,Jane Bernstein,Marian Aguiar,Marian Aguiar,Jane Bernstein,Sharon Dilworth,Sede Makonnen,Gerald Costanzo,John Oddo,Christopher Warren,David Brown,Kathleen Newman,Richard Purcell,Richard Purcell,John Oddo,Sharon Dilworth,Christopher Warren,Sharon Dilworth,Christopher Warren,John Oddo,David Brown,Kathleen Newman,Kathleen Newman,Andreea Deciu Ritivoi,Stephen Wittek,David Brown,Kathleen Newman
Jason England,Jane Bernstein,,David Brown,Christopher Warren,Christopher Warren,Kathleen Newman,Jane McCafferty,Richard Purcell,Jane McCafferty,Richard Purcell,Richard Purcell,Danielle Wetzel,Marian Aguiar,Andreea Deciu Ritivoi,Andreea Deciu Ritivoi,,Marian Aguiar,Andreea Deciu Ritivoi,Marian Aguiar,Sede Makonnen,Marian Aguiar,Sede Makonnen,Stephen Wittek,Doug Coulson,Kathleen Newman,Kathleen Newman,Kathleen Newman,Kathleen Newman,Richard Purcell,Jason England,Mariam Wassif,,Jason England,Jane Bernstein,Stephen Wittek,Lauren Shapiro,James Wynn,Stephen Wittek,Necia Werner,Richard Purcell,Mariam Wassif,,James Wynn,,Sede Makonnen,Jane Bernstein,Andreea Deciu Ritivoi,David Brown,Necia Werner,Richard Purcell,Richard Purcell,Mariam Wassif,,,Richard Purcell
Christopher Warren,Gerald Costanzo,,Danielle Wetzel,Sede Makonnen,Mariam Wassif,Richard Purcell,,Danielle Wetzel,Kevin Gonzalez,David Shumway,David Shumway,,Mariam Wassif,Kevin Gonzalez,,,Andreea Deciu Ritivoi,Doug Coulson,Christopher Warren,Stephen Wittek,Christopher Warren,,David Brown,Marian Aguiar,Richard Purcell,Richard Purcell,Richard Purcell,Richard Purcell,Stephen Wittek,Kevin Gonzalez,Andreea Deciu Ritivoi,,Kevin Gonzalez,Jane McCafferty,,Camille Rankine,David Brown,Kathleen Newman,Danielle Wetzel,Christopher Warren,Sede Makonnen,,David Brown,,Stephen Wittek,Gerald Costanzo,,Danielle Wetzel,Danielle Wetzel,David Shumway,Jeffrey Williams,Lauren Shapiro,,,David Shumway
,Jane McCafferty,,Richard Purcell,Christopher Warren,Sede Makonnen,Christopher Warren,,David Brown,Jeffrey Williams,Stephen Wittek,Stephen Wittek,,,Lauren Shapiro,,,,Mariam Wassif,,David Brown,Doug Coulson,,,Christopher Warren,Christopher Warren,Christopher Warren,Christopher Warren,Christopher Warren,John Oddo,Richard Purcell,Doug Coulson,,Jane McCafferty,Kevin Gonzalez,,Mariam Wassif,Necia Werner,,Joanna Wolfe,John Oddo,Jason England,,Necia Werner,,,Jane McCafferty,,Mariam Wassif,Joanna Wolfe,,,,,,
,Jason England,,Andreea Deciu Ritivoi,,Kevin Gonzalez,Mariam Wassif,,,,Sharon Dilworth,,,,,,,,,,Suguru Ishizaki,,,,Linda Flower,Mariam Wassif,Mariam Wassif,Mariam Wassif,Mariam Wassif,Necia Werner,,,,,,,Kevin Gonzalez,Linda Flower,,James Wynn,,Camille Rankine,,Linda Flower,,,Jason England,,,,,,,,,
,Kevin Gonzalez,,,,,David Shumway,,,,,,,,,,,,,,Kathleen Newman,,,,Andreea Deciu Ritivoi,David Shumway,David Shumway,David Shumway,David Shumway,,,,,,,,,Suguru Ishizaki,,,,,,Suguru Ishizaki,,,Kevin Gonzalez,,,,,,,,,
,Lauren Shapiro,,,,,Jeffrey Williams,,,,,,,,,,,,,,,,,,James Wynn,Jeffrey Williams,Jeffrey Williams,Jeffrey Williams,Jeffrey Williams,,,,,,,,,Andreea Deciu Ritivoi,,,,,,Andreea Deciu Ritivoi,,,,,,,,,,,,
,Camille Rankine,,,,,Sede Makonnen,,,,,,,,,,,,,,,,,,,Sede Makonnen,Sede Makonnen,Sede Makonnen,Sede Makonnen,,,,,,,,,Danielle Wetzel,,,,,,Danielle Wetzel,,,,,,,,,,,,
,,,,,,Stephen Wittek,,,,,,,,,,,,,,,,,,,Stephen Wittek,Stephen Wittek,Stephen Wittek,Stephen Wittek,,,,,,,,,Joanna Wolfe,,,,,,Joanna Wolfe,,,,,,,,,,,,
,,,,,,John Oddo,,,,,,,,,,,,,,,,,,,David Brown,,,,,,,,,,,,Stephanie Larsen,,,,,,Stephanie Larsen,,,,,,,,,,,,
,,,,,,James Wynn,,,,,,,,,,,,,,,,,,,,,,,,,,,,,,,Doug Coulson,,,,,,Doug Coulson,,,,,,,,,,,,
,,,,,,David Brown,,,,,,,,,,,,,,,,,,,,,,,,,,,,,,,,,,,,,,,,,,,,,,,,,
,,,,,,Necia Werner,,,,,,,,,,,,,,,,,,,,,,,,,,,,,,,,,,,,,,,,,,,,,,,,,
,,,,,,Linda Flower,,,,,,,,,,,,,,,,,,,,,,,,,,,,,,,,,,,,,,,,,,,,,,,,,
,,,,,,Suguru Ishizaki,,,,,,,,,,,,,,,,,,,,,,,,,,,,,,,,,,,,,,,,,,,,,,,,,
,,,,,,Andreea Deciu Ritivoi,,,,,,,,,,,,,,,,,,,,,,,,,,,,,,,,,,,,,,,,,,,,,,,,,
,,,,,,Danielle Wetzel,,,,,,,,,,,,,,,,,,,,,,,,,,,,,,,,,,,,,,,,,,,,,,,,,
,,,,,,Joanna Wolfe,,,,,,,,,,,,,,,,,,,,,,,,,,,,,,,,,,,,,,,,,,,,,,,,,
,,,,,,Stephanie Larsen,,,,,,,,,,,,,,,,,,,,,,,,,,,,,,,,,,,,,,,,,,,,,,,,,
,,,,,,Doug Coulson,,,,,,,,,,,,,,,,,,,,,,,,,,,,,,,,,,,,,,,,,,,,,,,,,
,,,,,,Sharon Dilworth,,,,,,,,,,,,,,,,,,,,,,,,,,,,,,,,,,,,,,,,,,,,,,,,,
,,,,,,Jane Bernstein,,,,,,,,,,,,,,,,,,,,,,,,,,,,,,,,,,,,,,,,,,,,,,,,,
,,,,,,Gerald Costanzo,,,,,,,,,,,,,,,,,,,,,,,,,,,,,,,,,,,,,,,,,,,,,,,,,
,,,,,,Jane McCafferty,,,,,,,,,,,,,,,,,,,,,,,,,,,,,,,,,,,,,,,,,,,,,,,,,
,,,,,,Jason England,,,,,,,,,,,,,,,,,,,,,,,,,,,,,,,,,,,,,,,,,,,,,,,,,
,,,,,,Kevin Gonzalez,,,,,,,,,,,,,,,,,,,,,,,,,,,,,,,,,,,,,,,,,,,,,,,,,
,,,,,,Lauren Shapiro,,,,,,,,,,,,,,,,,,,,,,,,,,,,,,,,,,,,,,,,,,,,,,,,,
,,,,,,Camille Rankine,,,,,,,,,,,,,,,,,,,,,,,,,,,,,,,,,,,,,,,,,,,,,,,,,